<?xml version="1.0" encoding="UTF-8"?>
<modification>
    <name>System Information</name>
    <version>2.4.0</version>
    <code>sysinfo_2.4.0</code>
    <author>EchoThemes</author>
    <link>http://www.echothemes.com</link>

    <file path="admin/controller/common/column_left.php">
        <operation info="Add customer summary menu">
            <search><![CDATA[$report = array();]]></search>
            <add position="before"><![CDATA[
            if ($this->user->hasPermission('access', 'tool/sysinfo')) {
                $data['menus'][] = array(
                    'id'       => 'sysinfo',
                    'icon'     => '" style="width:12px;font-family:arial;font-size:15px;margin-left:0;">SI</i><i class="hidden',
                    'name'     => 'System Information',
                    'href'     => $this->url->link('tool/sysinfo', 'token=' . $this->session->data['token'], true),
                    'children' => array()
                );
            }
            ]]></add>
        </operation>
    </file>

    <file path="system/library/db.php">
        <operation>
            <search><![CDATA[public function getLastId()]]></search>
            <add position="before"><![CDATA[
            public function getServerInfo() {
                return $this->adaptor->getServerInfo();
            }
            public function getHostInfo() {
                return $this->adaptor->getHostInfo();
            }
            ]]></add>
        </operation>
    </file>
    <file path="system/library/db/mysql.php">
        <operation>
            <search><![CDATA[public function getLastId()]]></search>
            <add position="before"><![CDATA[
            public function getServerInfo() {
                if ($this->connection) {
                    return mysql_get_server_info();
                }
            }
            public function getHostInfo() {
                if ($this->connection) {
                    return mysql_get_host_info();
                }
            }
            ]]></add>
        </operation>
    </file>
    <file path="system/library/db/mysqli.php">
        <operation>
            <search><![CDATA[public function getLastId()]]></search>
            <add position="before"><![CDATA[
            public function getServerInfo() {
                return $this->connection->server_info;
            }
            public function getHostInfo() {
                return $this->connection->host_info;
            }
            ]]></add>
        </operation>
    </file>
</modification>
